{"odata.metadata":"https://cs419.table.core.windows.net/$metadata#Categories","value":[{"PartitionKey":"0d4e57de-edf9-11e4-afb2-0050569f8012","RowKey":"Household","Timestamp":"2015-05-13T19:23:52.7984591Z"},{"PartitionKey":"0d4e59d2-edf9-11e4-afb2-0050569f8012","RowKey":"Bedding-Bath","Timestamp":"2015-05-13T19:23:52.9965004Z"},{"PartitionKey":"0d4e5a22-edf9-11e4-afb2-0050569f8012","RowKey":"Children's Goods","Timestamp":"2015-05-13T19:23:53.0955199Z"},{"PartitionKey":"0d4e5a54-edf9-11e4-afb2-0050569f8012","RowKey":"Appliances - Small","Timestamp":"2015-05-13T19:23:53.1945377Z"},{"PartitionKey":"0d4e5a7c-edf9-11e4-afb2-0050569f8012","RowKey":"Appliances - Large","Timestamp":"2015-05-20T19:30:41.3740165Z"},{"PartitionKey":"0d4e5aae-edf9-11e4-afb2-0050569f8012","RowKey":"Building-Home Improvement","Timestamp":"2015-05-13T19:23:53.4245855Z"},{"PartitionKey":"0d4e5ae0-edf9-11e4-afb2-0050569f8012","RowKey":"Wearables","Timestamp":"2015-05-13T19:23:53.5246048Z"},{"PartitionKey":"0d4e5b12-edf9-11e4-afb2-0050569f8012","RowKey":"Useable Electronics","Timestamp":"2015-05-13T19:23:53.6266291Z"},{"PartitionKey":"0d4e5b4e-edf9-11e4-afb2-0050569f8012","RowKey":"Sporting Equipment-Camping","Timestamp":"2015-05-13T19:23:53.7266485Z"},{"PartitionKey":"0d4e5b8a-edf9-11e4-afb2-0050569f8012","RowKey":"Garden","Timestamp":"2015-05-13T19:23:53.8246655Z"},{"PartitionKey":"0d4e5bc6-edf9-11e4-afb2-0050569f8012","RowKey":"Food","Timestamp":"2015-05-13T19:23:53.9256864Z"},{"PartitionKey":"0d4e5c0c-edf9-11e4-afb2-0050569f8012","RowKey":"Medical Supplies","Timestamp":"2015-05-13T19:23:54.0307056Z"},{"PartitionKey":"0d4e5c52-edf9-11e4-afb2-0050569f8012","RowKey":"Office Equipment","Timestamp":"2015-05-13T19:23:54.1297261Z"},{"PartitionKey":"0d4e5c98-edf9-11e4-afb2-0050569f8012","RowKey":"Packing Materials","Timestamp":"2015-05-13T19:23:54.2317446Z"},{"PartitionKey":"0d4e5ce8-edf9-11e4-afb2-0050569f8012","RowKey":"Miscellaneous","Timestamp":"2015-05-13T19:23:54.3267627Z"},{"PartitionKey":"0d4e5d42-edf9-11e4-afb2-0050569f8012","RowKey":"Repair Items","Timestamp":"2015-05-13T19:23:54.4097810Z"},{"PartitionKey":"641859aa-fccf-4892-9c66-57abde1abacd","RowKey":"Test Category 2","Timestamp":"2015-05-14T01:20:32.0157793Z"},{"PartitionKey":"d03e72d2-fb76-447f-9f82-e79a3daa629f","RowKey":"Test Category","Timestamp":"2015-05-14T01:13:58.6382486Z"}]}