{"odata.metadata":"https://cs419.table.core.windows.net/$metadata#Items","value":[{"PartitionKey":"0d4ec318-edf9-11e4-afb2-0050569f8012","RowKey":"Arts and Crafts","Timestamp":"2015-05-13T19:25:58.4363941Z"},{"PartitionKey":"0d4ec4f8-edf9-11e4-afb2-0050569f8012","RowKey":"Barbeque Grills","Timestamp":"2015-05-13T19:25:58.5424158Z"},{"PartitionKey":"0d4ec548-edf9-11e4-afb2-0050569f8012","RowKey":"Books","Timestamp":"2015-05-13T19:25:58.6444361Z"},{"PartitionKey":"0d4ec57a-edf9-11e4-afb2-0050569f8012","RowKey":"Canning Jars","Timestamp":"2015-05-13T19:25:58.7334573Z"},{"PartitionKey":"0d4ec5a2-edf9-11e4-afb2-0050569f8012","RowKey":"Cleaning Supplies","Timestamp":"2015-05-13T19:25:58.8454768Z"},{"PartitionKey":"0d4ec5d4-edf9-11e4-afb2-0050569f8012","RowKey":"Clothes Hangers","Timestamp":"2015-05-13T19:25:59.0335130Z"},{"PartitionKey":"0d4ec606-edf9-11e4-afb2-0050569f8012","RowKey":"Cookware","Timestamp":"2015-05-13T19:25:59.1365340Z"},{"PartitionKey":"0d4ec638-edf9-11e4-afb2-0050569f8012","RowKey":"Dishes","Timestamp":"2015-05-13T19:25:59.2275520Z"},{"PartitionKey":"0d4ec66a-edf9-11e4-afb2-0050569f8012","RowKey":"Fabric","Timestamp":"2015-05-13T19:25:59.3195699Z"},{"PartitionKey":"0d4ec6a6-edf9-11e4-afb2-0050569f8012","RowKey":"Food Storage Containers","Timestamp":"2015-05-13T19:25:59.4135932Z"},{"PartitionKey":"0d4ec6e2-edf9-11e4-afb2-0050569f8012","RowKey":"Furniture","Timestamp":"2015-05-13T19:25:59.5286107Z"},{"PartitionKey":"0d4ec728-edf9-11e4-afb2-0050569f8012","RowKey":"Luggage","Timestamp":"2015-05-13T19:25:59.8856867Z"},{"PartitionKey":"0d4ec76e-edf9-11e4-afb2-0050569f8012","RowKey":"Mattresses","Timestamp":"2015-05-13T19:26:00.0617204Z"},{"PartitionKey":"0d4ec7b4-edf9-11e4-afb2-0050569f8012","RowKey":"Ornaments","Timestamp":"2015-05-13T19:26:00.1617370Z"},{"PartitionKey":"0d4ec7fa-edf9-11e4-afb2-0050569f8012","RowKey":"Toiletries","Timestamp":"2015-05-13T19:26:00.2627575Z"},{"PartitionKey":"0d4ec84a-edf9-11e4-afb2-0050569f8012","RowKey":"Utensils","Timestamp":"2015-05-13T19:26:00.3617789Z"},{"PartitionKey":"0d4ec89a-edf9-11e4-afb2-0050569f8012","RowKey":"Blankets","Timestamp":"2015-05-13T19:26:00.4617959Z"},{"PartitionKey":"0d4ec8ea-edf9-11e4-afb2-0050569f8012","RowKey":"Comforters","Timestamp":"2015-05-13T19:26:00.5638158Z"},{"PartitionKey":"0d4ec944-edf9-11e4-afb2-0050569f8012","RowKey":"Linens","Timestamp":"2015-05-13T19:26:00.6718389Z"},{"PartitionKey":"0d4ec99e-edf9-11e4-afb2-0050569f8012","RowKey":"Sheets","Timestamp":"2015-05-13T19:26:00.8688795Z"},{"PartitionKey":"0d4ec9f8-edf9-11e4-afb2-0050569f8012","RowKey":"Small Rugs","Timestamp":"2015-05-13T19:26:01.0729187Z"},{"PartitionKey":"0d4eca5c-edf9-11e4-afb2-0050569f8012","RowKey":"Towels","Timestamp":"2015-05-13T19:26:01.2659570Z"},{"PartitionKey":"0d4ecab6-edf9-11e4-afb2-0050569f8012","RowKey":"Baby Carriers","Timestamp":"2015-05-13T19:26:01.3619763Z"},{"PartitionKey":"0d4ecb24-edf9-11e4-afb2-0050569f8012","RowKey":"Baby Gates","Timestamp":"2015-05-13T19:26:01.4629959Z"},{"PartitionKey":"0d4ecb88-edf9-11e4-afb2-0050569f8012","RowKey":"Bike Trailers-Seats","Timestamp":"2015-05-13T19:26:01.5620154Z"},{"PartitionKey":"0d4ecbf6-edf9-11e4-afb2-0050569f8012","RowKey":"Child Car Seats","Timestamp":"2015-05-13T19:26:01.6620348Z"},{"PartitionKey":"0d4ecc64-edf9-11e4-afb2-0050569f8012","RowKey":"Children's Books","Timestamp":"2015-05-13T19:26:01.7660591Z"},{"PartitionKey":"0d4eccdc-edf9-11e4-afb2-0050569f8012","RowKey":"Children's Clothes","Timestamp":"2015-05-13T19:26:01.8700758Z"},{"PartitionKey":"0d4ece08-edf9-11e4-afb2-0050569f8012","RowKey":"Crayons","Timestamp":"2015-05-13T19:26:01.9620986Z"},{"PartitionKey":"0d4ece30-edf9-11e4-afb2-0050569f8012","RowKey":"Cribs","Timestamp":"2015-05-13T19:26:02.0621148Z"},{"PartitionKey":"0d4ece62-edf9-11e4-afb2-0050569f8012","RowKey":"Diapers-Diaper Bags","Timestamp":"2015-05-13T19:26:02.1631366Z"},{"PartitionKey":"0d4ece94-edf9-11e4-afb2-0050569f8012","RowKey":"High Chairs","Timestamp":"2015-05-13T19:26:02.2621539Z"},{"PartitionKey":"0d4ecec6-edf9-11e4-afb2-0050569f8012","RowKey":"Maternity","Timestamp":"2015-05-13T19:26:02.3621737Z"},{"PartitionKey":"0d4ecef8-edf9-11e4-afb2-0050569f8012","RowKey":"Musical Instruments","Timestamp":"2015-05-13T19:26:02.4631933Z"},{"PartitionKey":"0d4ecf34-edf9-11e4-afb2-0050569f8012","RowKey":"Nursing Items","Timestamp":"2015-05-13T19:26:02.5622169Z"},{"PartitionKey":"0d4ecf7a-edf9-11e4-afb2-0050569f8012","RowKey":"Playpens","Timestamp":"2015-05-13T19:26:02.6622362Z"},{"PartitionKey":"0d4ecfb6-edf9-11e4-afb2-0050569f8012","RowKey":"School Supplies","Timestamp":"2015-05-13T19:26:02.7672577Z"},{"PartitionKey":"0d4ecffc-edf9-11e4-afb2-0050569f8012","RowKey":"Strollers","Timestamp":"2015-05-13T19:26:02.8622745Z"},{"PartitionKey":"0d4ed042-edf9-11e4-afb2-0050569f8012","RowKey":"Toys","Timestamp":"2015-05-13T19:26:02.9632995Z"},{"PartitionKey":"0d4ed088-edf9-11e4-afb2-0050569f8012","RowKey":"Blenders","Timestamp":"2015-05-13T19:26:03.0643154Z"},{"PartitionKey":"0d4ed0d8-edf9-11e4-afb2-0050569f8012","RowKey":"Dehumidifiers","Timestamp":"2015-05-13T19:26:03.1763354Z"},{"PartitionKey":"0d4ed128-edf9-11e4-afb2-0050569f8012","RowKey":"Fans","Timestamp":"2015-05-13T19:26:03.2773622Z"},{"PartitionKey":"0d4ed178-edf9-11e4-afb2-0050569f8012","RowKey":"Microwaves","Timestamp":"2015-05-13T19:26:03.3633755Z"},{"PartitionKey":"0d4ed1d2-edf9-11e4-afb2-0050569f8012","RowKey":"Space Heaters","Timestamp":"2015-05-13T19:26:03.4533892Z"},{"PartitionKey":"0d4ed22c-edf9-11e4-afb2-0050569f8012","RowKey":"Toasters","Timestamp":"2015-05-13T19:26:03.5464095Z"},{"PartitionKey":"0d4ed286-edf9-11e4-afb2-0050569f8012","RowKey":"Vacuum Cleaners","Timestamp":"2015-05-13T19:26:03.6404265Z"},{"PartitionKey":"0d4ed2ea-edf9-11e4-afb2-0050569f8012","RowKey":"Dishwashers","Timestamp":"2015-05-13T19:26:03.7724545Z"},{"PartitionKey":"0d4ed39e-edf9-11e4-afb2-0050569f8012","RowKey":"Freezers","Timestamp":"2015-05-13T19:26:03.8624696Z"},{"PartitionKey":"0d4ed45c-edf9-11e4-afb2-0050569f8012","RowKey":"Refrigerators","Timestamp":"2015-05-13T19:26:03.9654929Z"},{"PartitionKey":"0d4ed524-edf9-11e4-afb2-0050569f8012","RowKey":"Stoves","Timestamp":"2015-05-13T19:26:04.0665156Z"},{"PartitionKey":"0d4ed5f6-edf9-11e4-afb2-0050569f8012","RowKey":"Washers-Dryers","Timestamp":"2015-05-13T19:26:04.1635306Z"},{"PartitionKey":"0d4ed6be-edf9-11e4-afb2-0050569f8012","RowKey":"Bricks","Timestamp":"2015-05-13T19:26:04.2665538Z"},{"PartitionKey":"0d4ed786-edf9-11e4-afb2-0050569f8012","RowKey":"Carpet Padding","Timestamp":"2015-05-13T19:26:04.3645718Z"},{"PartitionKey":"0d4ed84e-edf9-11e4-afb2-0050569f8012","RowKey":"Carpets","Timestamp":"2015-05-13T19:26:04.4605906Z"},{"PartitionKey":"0d4ed92a-edf9-11e4-afb2-0050569f8012","RowKey":"Ceramic Tiles","Timestamp":"2015-05-13T19:26:04.5526084Z"},{"PartitionKey":"0d4eda60-edf9-11e4-afb2-0050569f8012","RowKey":"Doors","Timestamp":"2015-05-13T19:26:04.6436256Z"},{"PartitionKey":"0d4edab0-edf9-11e4-afb2-0050569f8012","RowKey":"Drywall","Timestamp":"2015-05-13T19:26:04.7556483Z"},{"PartitionKey":"0d4edb00-edf9-11e4-afb2-0050569f8012","RowKey":"Electrical Supplies","Timestamp":"2015-05-13T19:26:04.8496675Z"},{"PartitionKey":"0d4edb50-edf9-11e4-afb2-0050569f8012","RowKey":"Hand Tools","Timestamp":"2015-05-13T19:26:04.9356844Z"},{"PartitionKey":"0d4edbaa-edf9-11e4-afb2-0050569f8012","RowKey":"Hardware","Timestamp":"2015-05-13T19:26:05.0257022Z"},{"PartitionKey":"0d4edc0e-edf9-11e4-afb2-0050569f8012","RowKey":"Insulation","Timestamp":"2015-05-13T19:26:05.2757571Z"},{"PartitionKey":"0d4edc72-edf9-11e4-afb2-0050569f8012","RowKey":"Ladders","Timestamp":"2015-05-13T19:26:05.3747703Z"},{"PartitionKey":"0d4edcea-edf9-11e4-afb2-0050569f8012","RowKey":"Light Fixtures","Timestamp":"2015-05-13T19:26:05.4647899Z"},{"PartitionKey":"0d4edd58-edf9-11e4-afb2-0050569f8012","RowKey":"Lighting Ballasts","Timestamp":"2015-05-13T19:26:05.5608078Z"},{"PartitionKey":"0d4edda8-edf9-11e4-afb2-0050569f8012","RowKey":"Lumber","Timestamp":"2015-05-13T19:26:05.6498267Z"},{"PartitionKey":"0d4eddf8-edf9-11e4-afb2-0050569f8012","RowKey":"Motors","Timestamp":"2015-05-13T19:26:05.7398441Z"},{"PartitionKey":"0d4ede48-edf9-11e4-afb2-0050569f8012","RowKey":"Paint","Timestamp":"2015-05-13T19:26:05.8688705Z"},{"PartitionKey":"0d4ede98-edf9-11e4-afb2-0050569f8012","RowKey":"Pipe","Timestamp":"2015-05-13T19:26:05.9918931Z"},{"PartitionKey":"0d4edee8-edf9-11e4-afb2-0050569f8012","RowKey":"Plumbing","Timestamp":"2015-05-13T19:26:06.2499477Z"},{"PartitionKey":"0d4edf42-edf9-11e4-afb2-0050569f8012","RowKey":"Power Tools","Timestamp":"2015-05-13T19:26:06.4919939Z"},{"PartitionKey":"0d4edf9c-edf9-11e4-afb2-0050569f8012","RowKey":"Reusable Metal Items","Timestamp":"2015-05-13T19:26:06.6320216Z"},{"PartitionKey":"0d4ee000-edf9-11e4-afb2-0050569f8012","RowKey":"Roofing","Timestamp":"2015-05-13T19:26:06.7300404Z"},{"PartitionKey":"0d4ee05a-edf9-11e4-afb2-0050569f8012","RowKey":"Vinyl","Timestamp":"2015-05-13T19:26:06.8330623Z"},{"PartitionKey":"0d4ee0be-edf9-11e4-afb2-0050569f8012","RowKey":"Windows","Timestamp":"2015-05-13T19:26:06.9390822Z"},{"PartitionKey":"0d4ee122-edf9-11e4-afb2-0050569f8012","RowKey":"Belts","Timestamp":"2015-05-13T19:26:07.0320994Z"},{"PartitionKey":"0d4ee186-edf9-11e4-afb2-0050569f8012","RowKey":"Boots","Timestamp":"2015-05-13T19:26:07.1221176Z"},{"PartitionKey":"0d4ee1f4-edf9-11e4-afb2-0050569f8012","RowKey":"Clothes","Timestamp":"2015-05-13T19:26:07.2071333Z"},{"PartitionKey":"0d4ee262-edf9-11e4-afb2-0050569f8012","RowKey":"Coats","Timestamp":"2015-05-13T19:26:07.3001537Z"},{"PartitionKey":"0d4ee2d0-edf9-11e4-afb2-0050569f8012","RowKey":"Hats","Timestamp":"2015-05-13T19:26:07.3801700Z"},{"PartitionKey":"0d4ee348-edf9-11e4-afb2-0050569f8012","RowKey":"Rainwear","Timestamp":"2015-05-13T19:26:07.4641859Z"},{"PartitionKey":"0d4ee424-edf9-11e4-afb2-0050569f8012","RowKey":"Sandals","Timestamp":"2015-05-13T19:26:07.5542041Z"},{"PartitionKey":"0d4ee4a6-edf9-11e4-afb2-0050569f8012","RowKey":"Shoes","Timestamp":"2015-05-13T19:26:07.7272394Z"},{"PartitionKey":"0d4ee564-edf9-11e4-afb2-0050569f8012","RowKey":"Calculators","Timestamp":"2015-05-13T19:26:07.8262580Z"},{"PartitionKey":"0d4ee596-edf9-11e4-afb2-0050569f8012","RowKey":"Cameras","Timestamp":"2015-05-13T19:26:07.9262774Z"},{"PartitionKey":"0d4ee5c8-edf9-11e4-afb2-0050569f8012","RowKey":"Cassette Players","Timestamp":"2015-05-13T19:26:08.0293015Z"},{"PartitionKey":"0d4ee5fa-edf9-11e4-afb2-0050569f8012","RowKey":"CD Players","Timestamp":"2015-05-13T19:26:08.1263183Z"},{"PartitionKey":"0d4ee636-edf9-11e4-afb2-0050569f8012","RowKey":"CDs","Timestamp":"2015-05-13T19:26:08.2303377Z"},{"PartitionKey":"0d4ee672-edf9-11e4-afb2-0050569f8012","RowKey":"DVDs","Timestamp":"2015-05-13T19:26:08.3273572Z"},{"PartitionKey":"0d4ee6ae-edf9-11e4-afb2-0050569f8012","RowKey":"LPs","Timestamp":"2015-05-13T19:26:08.4163770Z"},{"PartitionKey":"0d4ee6f4-edf9-11e4-afb2-0050569f8012","RowKey":"Blu-rays","Timestamp":"2015-05-13T19:26:08.5414002Z"},{"PartitionKey":"0d4ee73a-edf9-11e4-afb2-0050569f8012","RowKey":"Video Games","Timestamp":"2015-05-13T19:26:08.6284182Z"},{"PartitionKey":"0d4ee78a-edf9-11e4-afb2-0050569f8012","RowKey":"Cell Phones","Timestamp":"2015-05-13T19:26:08.7144364Z"},{"PartitionKey":"0d4ee7da-edf9-11e4-afb2-0050569f8012","RowKey":"Computers","Timestamp":"2015-05-13T19:26:08.8074536Z"},{"PartitionKey":"0d4ee82a-edf9-11e4-afb2-0050569f8012","RowKey":"Curling Irons","Timestamp":"2015-05-13T19:26:08.8934695Z"},{"PartitionKey":"0d4ee87a-edf9-11e4-afb2-0050569f8012","RowKey":"DVD Players","Timestamp":"2015-05-13T19:26:08.9794881Z"},{"PartitionKey":"0d4ee8d4-edf9-11e4-afb2-0050569f8012","RowKey":"Game Consoles","Timestamp":"2015-05-13T19:26:09.0615031Z"},{"PartitionKey":"0d4ee92e-edf9-11e4-afb2-0050569f8012","RowKey":"GPS Systems","Timestamp":"2015-05-13T19:26:09.1525230Z"},{"PartitionKey":"0d4ee992-edf9-11e4-afb2-0050569f8012","RowKey":"Hair Dryers","Timestamp":"2015-05-13T19:26:09.2455392Z"},{"PartitionKey":"0d4ee9ec-edf9-11e4-afb2-0050569f8012","RowKey":"Monitors","Timestamp":"2015-05-13T19:26:09.3365618Z"},{"PartitionKey":"0d4eea50-edf9-11e4-afb2-0050569f8012","RowKey":"MP3 Players","Timestamp":"2015-05-13T19:26:09.4235757Z"},{"PartitionKey":"0d4eeabe-edf9-11e4-afb2-0050569f8012","RowKey":"Printers","Timestamp":"2015-05-13T19:26:09.5075912Z"},{"PartitionKey":"0d4eeb2c-edf9-11e4-afb2-0050569f8012","RowKey":"Projectors","Timestamp":"2015-05-13T19:26:09.5936085Z"},{"PartitionKey":"0d4eeb9a-edf9-11e4-afb2-0050569f8012","RowKey":"Receivers","Timestamp":"2015-05-13T19:26:09.6996283Z"},{"PartitionKey":"0d4eec08-edf9-11e4-afb2-0050569f8012","RowKey":"Scanners","Timestamp":"2015-05-13T19:26:09.8066507Z"},{"PartitionKey":"0d4eec80-edf9-11e4-afb2-0050569f8012","RowKey":"Speakers","Timestamp":"2015-05-13T19:26:09.9036725Z"},{"PartitionKey":"0d4eecf8-edf9-11e4-afb2-0050569f8012","RowKey":"Tablets","Timestamp":"2015-05-13T19:26:09.9936912Z"},{"PartitionKey":"0d4eed7a-edf9-11e4-afb2-0050569f8012","RowKey":"Telephones","Timestamp":"2015-05-13T19:26:10.0847052Z"},{"PartitionKey":"0d4eedfc-edf9-11e4-afb2-0050569f8012","RowKey":"TVs","Timestamp":"2015-05-13T19:26:10.1787267Z"},{"PartitionKey":"0d4eee7e-edf9-11e4-afb2-0050569f8012","RowKey":"Backpacks","Timestamp":"2015-05-13T19:26:10.2747428Z"},{"PartitionKey":"0d4eef32-edf9-11e4-afb2-0050569f8012","RowKey":"Balls","Timestamp":"2015-05-13T19:26:10.3677663Z"},{"PartitionKey":"0d4eef5a-edf9-11e4-afb2-0050569f8012","RowKey":"Barbells","Timestamp":"2015-05-13T19:26:10.4647863Z"},{"PartitionKey":"0d4eef96-edf9-11e4-afb2-0050569f8012","RowKey":"Bicycles","Timestamp":"2015-05-13T19:26:10.5587996Z"},{"PartitionKey":"0d4eefc8-edf9-11e4-afb2-0050569f8012","RowKey":"Bike Tires","Timestamp":"2015-05-13T19:26:10.6528266Z"},{"PartitionKey":"0d4ef00e-edf9-11e4-afb2-0050569f8012","RowKey":"Camping Equipment","Timestamp":"2015-05-13T19:26:10.7408416Z"},{"PartitionKey":"0d4ef04a-edf9-11e4-afb2-0050569f8012","RowKey":"Day Packs","Timestamp":"2015-05-13T19:26:10.8368573Z"},{"PartitionKey":"0d4ef090-edf9-11e4-afb2-0050569f8012","RowKey":"Dumbbells","Timestamp":"2015-05-13T19:26:10.9768904Z"},{"PartitionKey":"0d4ef0cc-edf9-11e4-afb2-0050569f8012","RowKey":"Exercise Equipment","Timestamp":"2015-05-13T19:26:11.0769030Z"},{"PartitionKey":"0d4ef11c-edf9-11e4-afb2-0050569f8012","RowKey":"Golf Clubs","Timestamp":"2015-05-13T19:26:11.1779280Z"},{"PartitionKey":"0d4ef162-edf9-11e4-afb2-0050569f8012","RowKey":"Helmets","Timestamp":"2015-05-13T19:26:11.2769434Z"},{"PartitionKey":"0d4ef1bc-edf9-11e4-afb2-0050569f8012","RowKey":"Hiking Boots","Timestamp":"2015-05-13T19:26:11.3779635Z"},{"PartitionKey":"0d4ef20c-edf9-11e4-afb2-0050569f8012","RowKey":"Skateboards","Timestamp":"2015-05-13T19:26:11.4779823Z"},{"PartitionKey":"0d4ef266-edf9-11e4-afb2-0050569f8012","RowKey":"Skis","Timestamp":"2015-05-13T19:26:11.5820076Z"},{"PartitionKey":"0d4ef2c0-edf9-11e4-afb2-0050569f8012","RowKey":"Small Boats","Timestamp":"2015-05-13T19:26:11.6790262Z"},{"PartitionKey":"0d4ef31a-edf9-11e4-afb2-0050569f8012","RowKey":"Snowshoes","Timestamp":"2015-05-13T19:26:11.7770428Z"},{"PartitionKey":"0d4ef37e-edf9-11e4-afb2-0050569f8012","RowKey":"Sporting Goods","Timestamp":"2015-05-13T19:26:11.8760637Z"},{"PartitionKey":"0d4ef3e2-edf9-11e4-afb2-0050569f8012","RowKey":"Tennis Rackets","Timestamp":"2015-05-13T19:26:11.9770829Z"},{"PartitionKey":"0d4ef450-edf9-11e4-afb2-0050569f8012","RowKey":"Tents","Timestamp":"2015-05-13T19:26:12.0771022Z"},{"PartitionKey":"0d4ef4be-edf9-11e4-afb2-0050569f8012","RowKey":"Chain Saws","Timestamp":"2015-05-13T19:26:12.1791207Z"},{"PartitionKey":"0d4ef52c-edf9-11e4-afb2-0050569f8012","RowKey":"Fencing","Timestamp":"2015-05-13T19:26:12.2771418Z"},{"PartitionKey":"0d4ef59a-edf9-11e4-afb2-0050569f8012","RowKey":"Garden Pots","Timestamp":"2015-05-13T19:26:12.3721608Z"},{"PartitionKey":"0d4ef612-edf9-11e4-afb2-0050569f8012","RowKey":"Garden Tools","Timestamp":"2015-05-13T19:26:12.4591810Z"},{"PartitionKey":"0d4ef68a-edf9-11e4-afb2-0050569f8012","RowKey":"Hand Clippers","Timestamp":"2015-05-13T19:26:12.5401935Z"},{"PartitionKey":"0d4ef70c-edf9-11e4-afb2-0050569f8012","RowKey":"Hoses","Timestamp":"2015-05-13T19:26:12.6372135Z"},{"PartitionKey":"0d4ef784-edf9-11e4-afb2-0050569f8012","RowKey":"Lawn Furniture","Timestamp":"2015-05-13T19:26:12.7292349Z"},{"PartitionKey":"0d4ef806-edf9-11e4-afb2-0050569f8012","RowKey":"Livestock Supplies","Timestamp":"2015-05-13T19:26:12.8212491Z"},{"PartitionKey":"0d4ef892-edf9-11e4-afb2-0050569f8012","RowKey":"Loppers","Timestamp":"2015-05-13T19:26:12.9032668Z"},{"PartitionKey":"0d4ef950-edf9-11e4-afb2-0050569f8012","RowKey":"Mowers","Timestamp":"2015-05-13T19:26:13.0262908Z"},{"PartitionKey":"0d4ef982-edf9-11e4-afb2-0050569f8012","RowKey":"Seeders","Timestamp":"2015-05-13T19:26:13.1243106Z"},{"PartitionKey":"0d4ef9b4-edf9-11e4-afb2-0050569f8012","RowKey":"Soil Amendment","Timestamp":"2015-05-13T19:26:13.2133286Z"},{"PartitionKey":"0d4ef9f0-edf9-11e4-afb2-0050569f8012","RowKey":"Sprinklers","Timestamp":"2015-05-13T19:26:13.3093461Z"},{"PartitionKey":"0d4efa2c-edf9-11e4-afb2-0050569f8012","RowKey":"Wheelbarrows","Timestamp":"2015-05-13T19:26:13.4093654Z"},{"PartitionKey":"0d4efa72-edf9-11e4-afb2-0050569f8012","RowKey":"Beverages","Timestamp":"2015-05-13T19:26:13.5053851Z"},{"PartitionKey":"0d4efab8-edf9-11e4-afb2-0050569f8012","RowKey":"Surplus Garden Produce","Timestamp":"2015-05-13T19:26:13.5954038Z"},{"PartitionKey":"0d4efafe-edf9-11e4-afb2-0050569f8012","RowKey":"Unopened Canned Goods","Timestamp":"2015-05-13T19:26:13.6854203Z"},{"PartitionKey":"0d4efb4e-edf9-11e4-afb2-0050569f8012","RowKey":"Unopened Packaged Food","Timestamp":"2015-05-13T19:26:13.7764397Z"},{"PartitionKey":"0d4efb9e-edf9-11e4-afb2-0050569f8012","RowKey":"Adult Diapers","Timestamp":"2015-05-20T19:30:57.2677405Z"},{"PartitionKey":"0d4efbf8-edf9-11e4-afb2-0050569f8012","RowKey":"Blood Pressure Monitors","Timestamp":"2015-05-13T19:26:13.9604763Z"},{"PartitionKey":"0d4efc48-edf9-11e4-afb2-0050569f8012","RowKey":"Canes","Timestamp":"2015-05-13T19:26:14.0394919Z"},{"PartitionKey":"0d4efca2-edf9-11e4-afb2-0050569f8012","RowKey":"Crutches","Timestamp":"2015-05-13T19:26:14.1335088Z"},{"PartitionKey":"0d4efd06-edf9-11e4-afb2-0050569f8012","RowKey":"Eyeglasses","Timestamp":"2015-05-13T19:26:14.2675369Z"},{"PartitionKey":"0d4efd6a-edf9-11e4-afb2-0050569f8012","RowKey":"Glucose Meters","Timestamp":"2015-05-13T19:26:14.3655562Z"},{"PartitionKey":"0d4efdce-edf9-11e4-afb2-0050569f8012","RowKey":"Hearing Aids","Timestamp":"2015-05-13T19:26:14.4555736Z"},{"PartitionKey":"0d4efe32-edf9-11e4-afb2-0050569f8012","RowKey":"Hospital Beds","Timestamp":"2015-05-13T19:26:14.5595921Z"},{"PartitionKey":"0d4efea0-edf9-11e4-afb2-0050569f8012","RowKey":"Reach Extenders","Timestamp":"2015-05-13T19:26:14.6576123Z"},{"PartitionKey":"0d4eff0e-edf9-11e4-afb2-0050569f8012","RowKey":"Shower Chairs","Timestamp":"2015-05-13T19:26:14.7676358Z"},{"PartitionKey":"0d4eff7c-edf9-11e4-afb2-0050569f8012","RowKey":"Walkers","Timestamp":"2015-05-13T19:26:14.9096631Z"},{"PartitionKey":"0d4efff4-edf9-11e4-afb2-0050569f8012","RowKey":"Wheelchairs","Timestamp":"2015-05-13T19:26:15.0056824Z"},{"PartitionKey":"0d4f006c-edf9-11e4-afb2-0050569f8012","RowKey":"Fax Machines","Timestamp":"2015-05-13T19:26:15.1387098Z"},{"PartitionKey":"0d4f00da-edf9-11e4-afb2-0050569f8012","RowKey":"Headsets","Timestamp":"2015-05-13T19:26:15.2277296Z"},{"PartitionKey":"0d4f0152-edf9-11e4-afb2-0050569f8012","RowKey":"Office Furniture","Timestamp":"2015-05-13T19:26:15.3357491Z"},{"PartitionKey":"0d4f01ca-edf9-11e4-afb2-0050569f8012","RowKey":"Paper Shredders","Timestamp":"2015-05-13T19:26:15.4257682Z"},{"PartitionKey":"0d4f0242-edf9-11e4-afb2-0050569f8012","RowKey":"Printer Cartridges","Timestamp":"2015-05-13T19:26:15.5317917Z"},{"PartitionKey":"0d4f02ba-edf9-11e4-afb2-0050569f8012","RowKey":"Bubble Wrap","Timestamp":"2015-05-13T19:26:15.6248057Z"},{"PartitionKey":"0d4f036e-edf9-11e4-afb2-0050569f8012","RowKey":"Clean Foam Peanuts","Timestamp":"2015-05-13T19:26:15.7248260Z"},{"PartitionKey":"0d4f03a0-edf9-11e4-afb2-0050569f8012","RowKey":"Foam Sheets","Timestamp":"2015-05-13T19:26:15.8178418Z"},{"PartitionKey":"0d4f03dc-edf9-11e4-afb2-0050569f8012","RowKey":"Egg Cartons","Timestamp":"2015-05-13T19:26:15.9058605Z"},{"PartitionKey":"0d4f0418-edf9-11e4-afb2-0050569f8012","RowKey":"Firewood","Timestamp":"2015-05-13T19:26:15.9958792Z"},{"PartitionKey":"0d4f0454-edf9-11e4-afb2-0050569f8012","RowKey":"Paper Bags","Timestamp":"2015-05-13T19:26:16.0858975Z"},{"PartitionKey":"0d4f0490-edf9-11e4-afb2-0050569f8012","RowKey":"Pet Supplies","Timestamp":"2015-05-13T19:26:16.1759148Z"},{"PartitionKey":"0d4f04d6-edf9-11e4-afb2-0050569f8012","RowKey":"Shopping Bags","Timestamp":"2015-05-13T19:26:16.3309448Z"},{"PartitionKey":"0d4f051c-edf9-11e4-afb2-0050569f8012","RowKey":"Vehicles-Parts","Timestamp":"2015-05-13T19:26:16.5439875Z"},{"PartitionKey":"0d4f056c-edf9-11e4-afb2-0050569f8012","RowKey":"Computer Paper","Timestamp":"2015-05-13T19:26:16.6510099Z"},{"PartitionKey":"0d4f05bc-edf9-11e4-afb2-0050569f8012","RowKey":"Small Appliances","Timestamp":"2015-05-13T19:26:16.7440280Z"},{"PartitionKey":"0d4f060c-edf9-11e4-afb2-0050569f8012","RowKey":"Lamps","Timestamp":"2015-05-13T19:26:16.8360486Z"},{"PartitionKey":"0d4f0666-edf9-11e4-afb2-0050569f8012","RowKey":"Lawn Power Equipment","Timestamp":"2015-05-13T19:26:16.9370654Z"},{"PartitionKey":"0d4f06c0-edf9-11e4-afb2-0050569f8012","RowKey":"Outdoor Gear","Timestamp":"2015-05-13T19:26:17.0370866Z"},{"PartitionKey":"0d4f071a-edf9-11e4-afb2-0050569f8012","RowKey":"Shoes-Boots","Timestamp":"2015-05-13T19:26:17.1381066Z"},{"PartitionKey":"0d4f077e-edf9-11e4-afb2-0050569f8012","RowKey":"Upholstery","Timestamp":"2015-05-13T19:26:17.2501271Z"},{"PartitionKey":"0d4f07e2-edf9-11e4-afb2-0050569f8012","RowKey":"Upholstery","Timestamp":"2015-05-13T19:26:17.3481491Z"},{"PartitionKey":"0d4f0850-edf9-11e4-afb2-0050569f8012","RowKey":"Screen Repair","Timestamp":"2015-05-13T19:26:17.4531687Z"},{"PartitionKey":"0d4f08b4-edf9-11e4-afb2-0050569f8012","RowKey":"Art Supplies","Timestamp":"2015-05-13T19:26:17.6862145Z"},{"PartitionKey":"0d4f0922-edf9-11e4-afb2-0050569f8012","RowKey":"Office Supplies","Timestamp":"2015-05-13T19:26:17.9182614Z"},{"PartitionKey":"0d4f099a-edf9-11e4-afb2-0050569f8012","RowKey":"Bike Parts","Timestamp":"2015-05-13T19:26:18.0122788Z"},{"PartitionKey":"0d4f0a08-edf9-11e4-afb2-0050569f8012","RowKey":"Clocks","Timestamp":"2015-05-13T19:26:18.1173003Z"},{"PartitionKey":"0d4f0a8a-edf9-11e4-afb2-0050569f8012","RowKey":"Blu-ray Players","Timestamp":"2015-05-13T19:26:18.2063224Z"},{"PartitionKey":"0d4f0b02-edf9-11e4-afb2-0050569f8012","RowKey":"Decor-Art","Timestamp":"2015-05-13T19:26:18.3123382Z"},{"PartitionKey":"fc72d661-fe85-489c-9209-ba451f486072","RowKey":"Test Item","Timestamp":"2015-05-14T01:14:51.1246624Z"}]}