{"odata.metadata":"https://cs419.table.core.windows.net/$metadata#Organizations","value":[{"PartitionKey":"0d419530-edf9-11e4-afb2-0050569f8012","RowKey":"Albany-Corvallis ReUseIt","Timestamp":"2015-05-29T05:34:24.0281399Z","Phone":"","AddressLine1":"","AddressLine2":"","AddressLine3":"","ZipCode":"","Website":"http://groups.yahoo.com","Hours":"","Notes":"Free items"},{"PartitionKey":"0d41c870-edf9-11e4-afb2-0050569f8012","RowKey":"Arc Thrift Store","Timestamp":"2015-05-29T05:34:24.1351564Z","Phone":"5417549011","AddressLine1":"928 NW Beca Ave","AddressLine2":"","AddressLine3":"","ZipCode":"97330","Website":"http://www.arcbenton.org","Hours":"","Notes":""},{"PartitionKey":"0d41ec4c-edf9-11e4-afb2-0050569f8012","RowKey":"Arc Thrift Store","Timestamp":"2015-05-29T05:34:24.2871781Z","Phone":"5419293946","AddressLine1":"936 Main St.","AddressLine2":"","AddressLine3":"","ZipCode":"97370","Website":"http://www.arcbenton.org","Hours":"","Notes":""},{"PartitionKey":"0d420f7e-edf9-11e4-afb2-0050569f8012","RowKey":"Beekman Place Antique Mall","Timestamp":"2015-05-29T05:34:24.4872105Z","Phone":"5417538250","AddressLine1":"601 SW Western Blvd","AddressLine2":"","AddressLine3":"","ZipCode":"97333","Website":"","Hours":"","Notes":""},{"PartitionKey":"0d4233aa-edf9-11e4-afb2-0050569f8012","RowKey":"Benton County Extension - 4-H  Activities","Timestamp":"2015-05-29T05:34:24.6012247Z","Phone":"5417666750","AddressLine1":"1849 NW 9th St","AddressLine2":"","AddressLine3":"","ZipCode":"97330","Website":"","Hours":"","Notes":""},{"PartitionKey":"0d425952-edf9-11e4-afb2-0050569f8012","RowKey":"Benton County Master Gardeners","Timestamp":"2015-05-29T05:34:24.7102398Z","Phone":"5417666750","AddressLine1":"1849 NW 9th St","AddressLine2":"","AddressLine3":"","ZipCode":"97330","Website":"","Hours":"","Notes":""},{"PartitionKey":"0d428832-edf9-11e4-afb2-0050569f8012","RowKey":"Book Bin","Timestamp":"2015-05-29T05:34:24.8172537Z","Phone":"5417520040","AddressLine1":"215 SW 4th St","AddressLine2":"","AddressLine3":"","ZipCode":"97333","Website":"http://www.bookbin.com","Hours":"","Notes":""},{"PartitionKey":"0d42aa92-edf9-11e4-afb2-0050569f8012","RowKey":"Browsers' Bookstore","Timestamp":"2015-05-29T05:34:24.9372686Z","Phone":"5417581121","AddressLine1":"121 NW 4th St.","AddressLine2":"","AddressLine3":"","ZipCode":"97330","Website":"http://www.browsersbookstore.com","Hours":"","Notes":""},{"PartitionKey":"0d42c6a8-edf9-11e4-afb2-0050569f8012","RowKey":"Boys & Girls Club of Corvallis","Timestamp":"2015-05-29T05:34:25.0702872Z","Phone":"5417571909","AddressLine1":"1112 NW Circle Blvd","AddressLine2":"","AddressLine3":"","ZipCode":"97330","Website":"","Hours":"","Notes":""},{"PartitionKey":"0d42f678-edf9-11e4-afb2-0050569f8012","RowKey":"CARDV (Center Against Rape-Domestic Violence)","Timestamp":"2015-05-29T05:34:25.1673015Z","Phone":"5417580219","AddressLine1":"","AddressLine2":"","AddressLine3":"","ZipCode":"","Website":"","Hours":"","Notes":""},{"PartitionKey":"0d4318a6-edf9-11e4-afb2-0050569f8012","RowKey":"Career Closet for Women","Timestamp":"2015-05-29T05:34:25.2613129Z","Phone":"5417524214","AddressLine1":"942 NW 9th","AddressLine2":"Ste. A","AddressLine3":"","ZipCode":"97330","Website":"","Hours":"","Notes":"Address is for drop off location"},{"PartitionKey":"0d433e62-edf9-11e4-afb2-0050569f8012","RowKey":"CASA - Voices for Children","Timestamp":"2015-05-29T05:34:25.3813301Z","Phone":"5417535838","AddressLine1":"129 NW 4th St","AddressLine2":"","AddressLine3":"","ZipCode":"97330","Website":"","Hours":"","Notes":""},{"PartitionKey":"0d4360c2-edf9-11e4-afb2-0050569f8012","RowKey":"Children's Farm Home","Timestamp":"2015-05-29T05:34:25.4903461Z","Phone":"5417571852","AddressLine1":"4455 NE Hwy 20","AddressLine2":"","AddressLine3":"","ZipCode":"97330","Website":"","Hours":"","Notes":""},{"PartitionKey":"0d4381d8-edf9-11e4-afb2-0050569f8012","RowKey":"Chintimini Wildlife Rehabilitation Ctr","Timestamp":"2015-05-29T05:34:25.5993644Z","Phone":"5417455324","AddressLine1":"311 Lewisburg Rd","AddressLine2":"","AddressLine3":"","ZipCode":"97330","Website":"","Hours":"","Notes":""},{"PartitionKey":"0d43a03c-edf9-11e4-afb2-0050569f8012","RowKey":"Community Outreach Homeless Shelter","Timestamp":"2015-05-29T05:34:25.6993760Z","Phone":"5417583000","AddressLine1":"865 NW Reiman Ave","AddressLine2":"","AddressLine3":"","ZipCode":"97330","Website":"","Hours":"","Notes":""},{"PartitionKey":"0d43c742-edf9-11e4-afb2-0050569f8012","RowKey":"Corvallis Environmental Center","Timestamp":"2015-05-29T05:34:25.7993886Z","Phone":"5417539211","AddressLine1":"214 SW Monroe Ave","AddressLine2":"","AddressLine3":"","ZipCode":"97333","Website":"","Hours":"","Notes":""},{"PartitionKey":"0d43f122-edf9-11e4-afb2-0050569f8012","RowKey":"Corvallis Bicycle Collective","Timestamp":"2015-05-29T05:34:25.9044034Z","Phone":"5412246885","AddressLine1":"33900 SE Roche Ln","AddressLine2":"Unit B","AddressLine3":"","ZipCode":"97333","Website":"http://www.corvallisbikes.org/","Hours":"","Notes":""},{"PartitionKey":"0d44156c-edf9-11e4-afb2-0050569f8012","RowKey":"Corvallis Furniture","Timestamp":"2015-05-29T05:34:25.9984162Z","Phone":"5412864658","AddressLine1":"1810 SW 3rd St","AddressLine2":"","AddressLine3":"","ZipCode":"97333","Website":"http://www.corvallisfurniture.com/","Hours":"","Notes":""},{"PartitionKey":"0d442e8a-edf9-11e4-afb2-0050569f8012","RowKey":"Cosmic Chameleon","Timestamp":"2015-05-29T05:34:26.0974309Z","Phone":"5417529001","AddressLine1":"138 SW 2nd St","AddressLine2":"","AddressLine3":"","ZipCode":"97333","Website":"","Hours":"","Notes":""},{"PartitionKey":"0d444780-edf9-11e4-afb2-0050569f8012","RowKey":"Craigslist","Timestamp":"2015-05-29T05:34:26.2064455Z","Phone":"","AddressLine1":"","AddressLine2":"","AddressLine3":"","ZipCode":"","Website":"http://corvallis.craigslist.org","Hours":"","Notes":""},{"PartitionKey":"0d44656c-edf9-11e4-afb2-0050569f8012","RowKey":"Freecycle","Timestamp":"2015-05-29T05:34:26.3094632Z","Phone":"","AddressLine1":"","AddressLine2":"","AddressLine3":"","ZipCode":"","Website":"http://freecycle.org","Hours":"","Notes":""},{"PartitionKey":"0d448736-edf9-11e4-afb2-0050569f8012","RowKey":"First Alternative Co-op Recycling Center","Timestamp":"2015-05-29T05:34:26.4014724Z","Phone":"5417533115","AddressLine1":"1007 SE 3rd St","AddressLine2":"","AddressLine3":"","ZipCode":"97333","Website":"","Hours":"","Notes":""},{"PartitionKey":"0d44a9dc-edf9-11e4-afb2-0050569f8012","RowKey":"First Alternative Co-op Store","Timestamp":"2015-05-29T05:34:26.5014873Z","Phone":"5414523115","AddressLine1":"2855 NW Grant Ave","AddressLine2":"","AddressLine3":"","ZipCode":"97330","Website":"http://www.firstalt.coop","Hours":"","Notes":""},{"PartitionKey":"0d44cce6-edf9-11e4-afb2-0050569f8012","RowKey":"First Alternative Co-op Store","Timestamp":"2015-05-29T05:34:26.6035015Z","Phone":"5417533115","AddressLine1":"1007 SE 3rd St","AddressLine2":"","AddressLine3":"","ZipCode":"97333","Website":"http://www.firstalt.coop","Hours":"","Notes":""},{"PartitionKey":"0d44effa-edf9-11e4-afb2-0050569f8012","RowKey":"Furniture Exchange","Timestamp":"2015-05-29T05:34:26.6955135Z","Phone":"5418330183","AddressLine1":"210 NW 2nd St","AddressLine2":"","AddressLine3":"","ZipCode":"97330","Website":"http://www.furnitureexchange-usa.com/","Hours":"","Notes":""},{"PartitionKey":"0d450e86-edf9-11e4-afb2-0050569f8012","RowKey":"Furniture Share","Timestamp":"2015-05-29T05:34:26.8015295Z","Phone":"5417549511","AddressLine1":"155 SE Lilly Ave","AddressLine2":"","AddressLine3":"","ZipCode":"97333","Website":"","Hours":"","Notes":"Formerly Benton FS"},{"PartitionKey":"0d452ef2-edf9-11e4-afb2-0050569f8012","RowKey":"Goodwill Industries","Timestamp":"2015-05-29T05:34:26.9055468Z","Phone":"5417528278","AddressLine1":"1325 NW 9th St","AddressLine2":"","AddressLine3":"","ZipCode":"97330","Website":"","Hours":"","Notes":""},{"PartitionKey":"0d454b94-edf9-11e4-afb2-0050569f8012","RowKey":"Grace Center for Adult Day Services","Timestamp":"2015-05-29T05:34:26.9975565Z","Phone":"5417548417","AddressLine1":"980 NW Spruce Ave","AddressLine2":"","AddressLine3":"","ZipCode":"97330","Website":"","Hours":"","Notes":""},{"PartitionKey":"0d456926-edf9-11e4-afb2-0050569f8012","RowKey":"Habitat for Humanity ReStore","Timestamp":"2015-05-29T05:34:27.0995704Z","Phone":"5417526637","AddressLine1":"4840 SW Philomath Blvd","AddressLine2":"","AddressLine3":"","ZipCode":"97333","Website":"","Hours":"","Notes":""},{"PartitionKey":"0d458b18-edf9-11e4-afb2-0050569f8012","RowKey":"Happy Trails Records","Timestamp":"2015-05-29T05:34:27.2515925Z","Phone":"5417529032","AddressLine1":"100 SW 3rd St","AddressLine2":"","AddressLine3":"","ZipCode":"97333","Website":"","Hours":"","Notes":""},{"PartitionKey":"0d45acba-edf9-11e4-afb2-0050569f8012","RowKey":"Heartland Humane Society","Timestamp":"2015-05-29T05:34:27.3496056Z","Phone":"5417579000","AddressLine1":"398 SW Twin Oaks Cir","AddressLine2":"","AddressLine3":"","ZipCode":"97333","Website":"http://www.heartlandhumane.org","Hours":"","Notes":""},{"PartitionKey":"0d45cc86-edf9-11e4-afb2-0050569f8012","RowKey":"Heartland Humane Society Thrift Shop","Timestamp":"2015-05-29T05:34:27.4496191Z","Phone":"5417570573","AddressLine1":"411 SW 3rd St","AddressLine2":"","AddressLine3":"","ZipCode":"97333","Website":"http://www.heartlandhumane.org","Hours":"","Notes":""},{"PartitionKey":"0d45f486-edf9-11e4-afb2-0050569f8012","RowKey":"Home Grown Gardens","Timestamp":"2015-05-29T05:34:27.5426317Z","Phone":"5417582137","AddressLine1":"4845 SE 3rd St","AddressLine2":"","AddressLine3":"","ZipCode":"97333","Website":"http://www.homegrowngardens.biz","Hours":"","Notes":""},{"PartitionKey":"0d4612d6-edf9-11e4-afb2-0050569f8012","RowKey":"Home Life Inc.","Timestamp":"2015-05-29T05:34:27.6396469Z","Phone":"5417539015","AddressLine1":"2068 NW Fillmore Ave","AddressLine2":"","AddressLine3":"","ZipCode":"97330","Website":"","Hours":"","Notes":"For the developly disabled"},{"PartitionKey":"0d4636d0-edf9-11e4-afb2-0050569f8012","RowKey":"Jackson Street Youth Shelter","Timestamp":"2015-05-29T05:34:27.7276617Z","Phone":"5417542404","AddressLine1":"555 NW Jackson St","AddressLine2":"","AddressLine3":"","ZipCode":"97330","Website":"","Hours":"","Notes":""},{"PartitionKey":"0d465962-edf9-11e4-afb2-0050569f8012","RowKey":"Linn Benton Food Share","Timestamp":"2015-05-29T05:34:27.8496765Z","Phone":"5417521010","AddressLine1":"545 SW 2nd St","AddressLine2":"","AddressLine3":"","ZipCode":"97333","Website":"","Hours":"","Notes":"Lg food donations"},{"PartitionKey":"0d467c4e-edf9-11e4-afb2-0050569f8012","RowKey":"Lions Club","Timestamp":"2015-05-29T05:34:27.9876957Z","Phone":"5417580222","AddressLine1":"1400 NW 9th St","AddressLine2":"","AddressLine3":"","ZipCode":"97330","Website":"","Hours":"","Notes":"Box inside Elks Lodge"},{"PartitionKey":"0d469d32-edf9-11e4-afb2-0050569f8012","RowKey":"Love INC","Timestamp":"2015-05-29T05:34:28.0877109Z","Phone":"5417578111","AddressLine1":"2330 NW Professional Dr","AddressLine2":"","AddressLine3":"","ZipCode":"97330","Website":"","Hours":"","Notes":"For low income citizens"},{"PartitionKey":"0d46bd80-edf9-11e4-afb2-0050569f8012","RowKey":"Mario Pastega House","Timestamp":"2015-05-29T05:34:28.1797216Z","Phone":"5417684650","AddressLine1":"3505 NW Samaritan Dr","AddressLine2":"","AddressLine3":"","ZipCode":"97330","Website":"","Hours":"","Notes":"Good samaritan patient family housing"},{"PartitionKey":"0d46da54-edf9-11e4-afb2-0050569f8012","RowKey":"Mary's River Gleaners","Timestamp":"2015-05-29T05:34:28.2817376Z","Phone":"5414979019","AddressLine1":"","AddressLine2":"","AddressLine3":"","ZipCode":"","Website":"","Hours":"","Notes":"For low income citizens"},{"PartitionKey":"0d46fb7e-edf9-11e4-afb2-0050569f8012","RowKey":"Mia Bella in the Little Red House","Timestamp":"2015-05-29T05:34:28.3827477Z","Phone":"5412318105","AddressLine1":"114 NW 15th St","AddressLine2":"","AddressLine3":"","ZipCode":"97330","Website":"","Hours":"","Notes":""},{"PartitionKey":"0d471be0-edf9-11e4-afb2-0050569f8012","RowKey":"Midway Farms","Timestamp":"2015-05-29T05:34:28.4817632Z","Phone":"5417406141","AddressLine1":"6980 NW Hwy 20","AddressLine2":"","AddressLine3":"","ZipCode":"97321","Website":"http://www.midwayfarmsoregon.com/","Hours":"","Notes":""},{"PartitionKey":"0d473df0-edf9-11e4-afb2-0050569f8012","RowKey":"Mother Goose Resale","Timestamp":"2015-05-29T05:34:28.5817771Z","Phone":"5417536903","AddressLine1":"260 NW 1st St","AddressLine2":"","AddressLine3":"","ZipCode":"97330","Website":"","Hours":"","Notes":""},{"PartitionKey":"0d475f74-edf9-11e4-afb2-0050569f8012","RowKey":"Neighbor to Neighbor","Timestamp":"2015-05-29T05:34:28.6797911Z","Phone":"5419296614","AddressLine1":"1123 Main St","AddressLine2":"","AddressLine3":"","ZipCode":"97370","Website":"","Hours":"","Notes":"Food pantry"},{"PartitionKey":"0d478242-edf9-11e4-afb2-0050569f8012","RowKey":"Osborn Aquatic Center","Timestamp":"2015-05-29T05:34:28.7798046Z","Phone":"5417667946","AddressLine1":"1940 NW Highland Dr","AddressLine2":"","AddressLine3":"","ZipCode":"97330","Website":"","Hours":"","Notes":""},{"PartitionKey":"0d479f2a-edf9-11e4-afb2-0050569f8012","RowKey":"OSU Emergency Food Pantry","Timestamp":"2015-05-29T05:34:28.9688322Z","Phone":"5417373747","AddressLine1":"233 Snell Hall","AddressLine2":"SW Jefferson Way","AddressLine3":"","ZipCode":"97331","Website":"","Hours":"","Notes":""},{"PartitionKey":"0d47ba6e-edf9-11e4-afb2-0050569f8012","RowKey":"OSU Folk Club Thrift Shop","Timestamp":"2015-05-29T05:34:29.0698463Z","Phone":"","AddressLine1":"144 NW 2nd St","AddressLine2":"","AddressLine3":"","ZipCode":"97330","Website":"","Hours":"","Notes":""},{"PartitionKey":"0d47e9f8-edf9-11e4-afb2-0050569f8012","RowKey":"OSU Organic Growers Club","Timestamp":"2015-05-29T05:34:29.1618623Z","Phone":"5419795833","AddressLine1":"","AddressLine2":"","AddressLine3":"","ZipCode":"","Website":"","Hours":"","Notes":"OSU Crop & Soil Science Department"},{"PartitionKey":"0d480956-edf9-11e4-afb2-0050569f8012","RowKey":"Pak Mail","Timestamp":"2015-05-29T05:34:29.2818759Z","Phone":"5417548411","AddressLine1":"2397 NW Kings Blvd","AddressLine2":"","AddressLine3":"","ZipCode":"97330","Website":"pakmail.com","Hours":"","Notes":"Timberhill Shopping Center"},{"PartitionKey":"0d482526-edf9-11e4-afb2-0050569f8012","RowKey":"Parent Enhancement Program","Timestamp":"2015-05-29T05:34:29.3908919Z","Phone":"5417588292","AddressLine1":"421 NW 4th St","AddressLine2":"","AddressLine3":"","ZipCode":"97330","Website":"","Hours":"","Notes":""},{"PartitionKey":"0d484ba0-edf9-11e4-afb2-0050569f8012","RowKey":"Philomath Community Garden","Timestamp":"2015-05-29T05:34:29.4899061Z","Phone":"5419293524","AddressLine1":"","AddressLine2":"","AddressLine3":"","ZipCode":"","Website":"","Hours":"","Notes":"Contact Chris Shonnard"},{"PartitionKey":"0d486ab8-edf9-11e4-afb2-0050569f8012","RowKey":"Philomath Community Services","Timestamp":"2015-05-29T05:34:29.5979206Z","Phone":"5419292499","AddressLine1":"360 S 9th St","AddressLine2":"","AddressLine3":"","ZipCode":"97370","Website":"","Hours":"","Notes":"Food & kids stuff"},{"PartitionKey":"0d4885e8-edf9-11e4-afb2-0050569f8012","RowKey":"Play It Again Sports","Timestamp":"2015-05-29T05:34:29.7119362Z","Phone":"5417547529","AddressLine1":"1422 NW 9th St","AddressLine2":"","AddressLine3":"","ZipCode":"97330","Website":"","Hours":"","Notes":""},{"PartitionKey":"0d48a190-edf9-11e4-afb2-0050569f8012","RowKey":"Presbyterian Piecemakers","Timestamp":"2015-05-29T05:34:29.8159495Z","Phone":"5417537516","AddressLine1":"","AddressLine2":"","AddressLine3":"","ZipCode":"","Website":"","Hours":"","Notes":"Cotton quilts"},{"PartitionKey":"0d48bb3a-edf9-11e4-afb2-0050569f8012","RowKey":"Public Library Corvallis","Timestamp":"2015-05-29T05:34:29.9159656Z","Phone":" Friends of","AddressLine1":"5417666928","AddressLine2":"645 NW Monroe Ave","AddressLine3":"","ZipCode":"","Website":"97330","Hours":"","Notes":""},{"PartitionKey":"0d48d9c6-edf9-11e4-afb2-0050569f8012","RowKey":"Quilts From Caring Hands","Timestamp":"2015-05-29T05:34:30.0329813Z","Phone":"5417588161","AddressLine1":"","AddressLine2":"","AddressLine3":"","ZipCode":"","Website":"","Hours":"","Notes":"Cotton quilts"},{"PartitionKey":"0d48fc8a-edf9-11e4-afb2-0050569f8012","RowKey":"Rapid Refill Ink","Timestamp":"2015-05-29T05:34:30.1399938Z","Phone":"5417588444","AddressLine1":"254 SW Madison Ave","AddressLine2":"","AddressLine3":"","ZipCode":"97333","Website":"http://www.rapidinkandtoner.com","Hours":"","Notes":""},{"PartitionKey":"0d491a1c-edf9-11e4-afb2-0050569f8012","RowKey":"Reâ€¢volve","Timestamp":"2015-05-29T05:34:30.2510111Z","Phone":"5417541154","AddressLine1":"103 SW 2nd St","AddressLine2":"","AddressLine3":"","ZipCode":"97333","Website":"http://www.revolveresale.com/","Hours":"","Notes":"Women's resale boutique"},{"PartitionKey":"0d492d72-edf9-11e4-afb2-0050569f8012","RowKey":"Round-About Boutique","Timestamp":"2015-05-29T05:34:30.3500253Z","Phone":"5412301482","AddressLine1":"264 SW Madison Ave","AddressLine2":"","AddressLine3":"","ZipCode":"97333","Website":"","Hours":"","Notes":""},{"PartitionKey":"0d494bea-edf9-11e4-afb2-0050569f8012","RowKey":"Schools--Public","Timestamp":"2015-05-29T05:34:30.4440390Z","Phone":" Private","AddressLine1":" Charter","AddressLine2":"","AddressLine3":"","ZipCode":"","Website":"","Hours":"","Notes":""},{"PartitionKey":"0d496d46-edf9-11e4-afb2-0050569f8012","RowKey":"Second Glance","Timestamp":"2015-05-29T05:34:30.5380509Z","Phone":"5417538011","AddressLine1":"312 SW 3rd St","AddressLine2":"","AddressLine3":"","ZipCode":"97333","Website":"http://www.glanceagain.com","Hours":"","Notes":""},{"PartitionKey":"0d498c18-edf9-11e4-afb2-0050569f8012","RowKey":"Second Glance Annex","Timestamp":"2015-05-29T05:34:30.6520670Z","Phone":"5417589099","AddressLine1":"214 SW Jefferson Ave","AddressLine2":"","AddressLine3":"","ZipCode":"97333","Website":"http://www.glanceagain.com","Hours":"","Notes":""},{"PartitionKey":"0d49af5e-edf9-11e4-afb2-0050569f8012","RowKey":"Second Glance Alley","Timestamp":"2015-05-29T05:34:30.7630829Z","Phone":"5417534069","AddressLine1":"312 SW Jefferson Ave","AddressLine2":"","AddressLine3":"","ZipCode":"97333","Website":"http://www.glanceagain.com","Hours":"","Notes":""},{"PartitionKey":"0d49cdc2-edf9-11e4-afb2-0050569f8012","RowKey":"Senior Center of Corvallis","Timestamp":"2015-05-29T05:34:30.8680977Z","Phone":"5417666959","AddressLine1":"2601 NW Tyler Ave","AddressLine2":"","AddressLine3":"","ZipCode":"97330","Website":"","Hours":"","Notes":""},{"PartitionKey":"0d49f2d4-edf9-11e4-afb2-0050569f8012","RowKey":"South Corvallis Food Bank","Timestamp":"2015-05-29T05:34:30.9761122Z","Phone":"5417534263","AddressLine1":"1798 SW 3rd St","AddressLine2":"","AddressLine3":"","ZipCode":"97333","Website":"","Hours":"","Notes":""},{"PartitionKey":"0d4a173c-edf9-11e4-afb2-0050569f8012","RowKey":"Stone Soup","Timestamp":"2015-05-29T05:34:31.0861284Z","Phone":"5417571988","AddressLine1":"501 NW 25th St","AddressLine2":"","AddressLine3":"","ZipCode":"97330","Website":"","Hours":"","Notes":"St Mary's Church"},{"PartitionKey":"0d4a3532-edf9-11e4-afb2-0050569f8012","RowKey":"St Vincent de Paul Thrift-Pantry","Timestamp":"2015-05-29T05:34:31.1741397Z","Phone":"5417571988","AddressLine1":"501 NW 25th St","AddressLine2":"","AddressLine3":"","ZipCode":"97330","Website":"","Hours":"","Notes":"Next to St Mary's Church"},{"PartitionKey":"0d4a553a-edf9-11e4-afb2-0050569f8012","RowKey":"The UPS Store","Timestamp":"2015-05-29T05:34:31.2661530Z","Phone":"5417521830","AddressLine1":"5060 SW Philomath Blvd","AddressLine2":"","AddressLine3":"","ZipCode":"97333","Website":"","Hours":"","Notes":""},{"PartitionKey":"0d4a7556-edf9-11e4-afb2-0050569f8012","RowKey":"The UPS Store","Timestamp":"2015-05-29T05:34:31.3691711Z","Phone":"5417520056","AddressLine1":"922 NW Circle Blvd","AddressLine2":"#160","AddressLine3":"","ZipCode":"97330","Website":"","Hours":"","Notes":""},{"PartitionKey":"0d4a97f2-edf9-11e4-afb2-0050569f8012","RowKey":"Vina Moses","Timestamp":"2015-05-29T05:34:31.5211892Z","Phone":"5417531420","AddressLine1":"968 NW Garfield Ave","AddressLine2":"","AddressLine3":"","ZipCode":"97330","Website":"","Hours":"","Notes":"For low income citizens"},{"PartitionKey":"0d4abb56-edf9-11e4-afb2-0050569f8012","RowKey":"Book Binding","Timestamp":"2015-05-29T05:34:31.6222010Z","Phone":"5417579861","AddressLine1":"108 SW 3rd St","AddressLine2":"","AddressLine3":"","ZipCode":"97333","Website":"http://www.cornerstoneassociates.com/bj-bookbinding-about-us.html","Hours":"","Notes":"Rebind and restore books"},{"PartitionKey":"0d4ae3b0-edf9-11e4-afb2-0050569f8012","RowKey":"Cell Phone Sick Bay","Timestamp":"2015-05-29T05:34:31.7322204Z","Phone":"5412301785","AddressLine1":"252 SW Madison Ave","AddressLine2":"Suite 10","AddressLine3":"","ZipCode":"97333","Website":"","Hours":"","Notes":"Cell phones and tablets"},{"PartitionKey":"0d4b07e6-edf9-11e4-afb2-0050569f8012","RowKey":"Geeks 'N' Nerds","Timestamp":"2015-05-29T05:34:31.8582355Z","Phone":"5417530018","AddressLine1":"950 Southeast Geary St","AddressLine2":"Suite 110","AddressLine3":"","ZipCode":"97333","Website":"http://www.computergeeksnnerds.com/","Hours":"","Notes":"Repair computers of all kinds and cell phone repair. In home repair available"},{"PartitionKey":"0d4b2898-edf9-11e4-afb2-0050569f8012","RowKey":"Specialty Sewing By Leslie","Timestamp":"2015-05-29T05:34:31.9632530Z","Phone":"5417584556","AddressLine1":"225 SW Madison Ave","AddressLine2":"","AddressLine3":"","ZipCode":"97333","Website":"http://www.specialtysewing.com/Leslie_Seamstress/Welcome.html","Hours":"","Notes":"Alterations and custom work"},{"PartitionKey":"0d4b4ab2-edf9-11e4-afb2-0050569f8012","RowKey":"Corvallis Technical","Timestamp":"2015-05-29T05:34:32.0602637Z","Phone":"5417047009","AddressLine1":"966 NW Circle Blvd","AddressLine2":"","AddressLine3":"","ZipCode":"97330","Website":"http://www.corvallistechnical.com/","Hours":"","Notes":"Repair computers and laptops"},{"PartitionKey":"0d4b7046-edf9-11e4-afb2-0050569f8012","RowKey":"Bellevue Computers","Timestamp":"2015-05-29T05:34:32.1622771Z","Phone":"5417573487","AddressLine1":"1865 NW 9th St","AddressLine2":"","AddressLine3":"","ZipCode":"97330","Website":"http://www.bellevuepc.com/","Hours":"","Notes":"Repair computers and laptops"},{"PartitionKey":"0d4b92a6-edf9-11e4-afb2-0050569f8012","RowKey":"OSU Repair Fair","Timestamp":"2015-05-29T05:34:32.2642904Z","Phone":"5417375398","AddressLine1":"Oregon State University Property Services Building","AddressLine2":"644 SW 13th St","AddressLine3":"","ZipCode":"97333","Website":"http://fa.oregonstate.edu/surplus","Hours":"","Notes":"Occurs twice per quarter in the evenings. Small appliances"},{"PartitionKey":"0d4bb40c-edf9-11e4-afb2-0050569f8012","RowKey":"P.K Furniture Repair & Refinishing","Timestamp":"2015-05-29T05:34:32.3653050Z","Phone":"5412301727","AddressLine1":"5270 NW Hwy 99","AddressLine2":"","AddressLine3":"","ZipCode":"97330","Website":"http://www.pkfurniturerefinishing.net/","Hours":"","Notes":"Complete Restoration"},{"PartitionKey":"0d4bd694-edf9-11e4-afb2-0050569f8012","RowKey":"Furniture Restoration Center","Timestamp":"2015-05-29T05:34:32.5473318Z","Phone":"5419296681","AddressLine1":"1321 Main St","AddressLine2":"","AddressLine3":"","ZipCode":"97370","Website":"http://restorationsupplies.com/","Hours":"","Notes":"Restores all typers of furniture and has hardware for doing it yourself"},{"PartitionKey":"0d4bfd18-edf9-11e4-afb2-0050569f8012","RowKey":"Power Equipment","Timestamp":"2015-05-29T05:34:32.6463450Z","Phone":"5417578075","AddressLine1":"713 NE Circle Blvd","AddressLine2":"","AddressLine3":"","ZipCode":"97330","Website":"https://corvallispowerequipment.stihldealer.net/","Hours":"","Notes":"Lawn and garden equipment"},{"PartitionKey":"0d4c23ec-edf9-11e4-afb2-0050569f8012","RowKey":"Robnett's","Timestamp":"2015-05-29T05:34:32.7503592Z","Phone":"5417535531","AddressLine1":"400 SW 2nd St","AddressLine2":"","AddressLine3":"","ZipCode":"97333","Website":"http://ww3.truevalue.com/robnetts/Home.aspx","Hours":"","Notes":"Adjustment and sharpening"},{"PartitionKey":"0d4c46ba-edf9-11e4-afb2-0050569f8012","RowKey":"Footwise","Timestamp":"2015-05-29T05:34:32.8493748Z","Phone":"5417570875","AddressLine1":"301 SW Madison Ave","AddressLine2":"#100","AddressLine3":"","ZipCode":"97333","Website":"http://footwise.com/","Hours":"","Notes":"Resoles berkenstock"},{"PartitionKey":"0d4c6776-edf9-11e4-afb2-0050569f8012","RowKey":"Sedlack","Timestamp":"2015-05-29T05:34:32.9443855Z","Phone":"5417521498","AddressLine1":"225 SW 2nd St","AddressLine2":"","AddressLine3":"","ZipCode":"97333","Website":"http://www.sedlaksshoes.net/","Hours":"","Notes":"Full resoles"},{"PartitionKey":"0d4ca2a4-edf9-11e4-afb2-0050569f8012","RowKey":"Foam Man","Timestamp":"2015-05-29T05:34:33.0584015Z","Phone":"5417549378","AddressLine1":"2511 NW 9th St","AddressLine2":"","AddressLine3":"","ZipCode":"97330","Website":"http://www.thefoammancorvallis.com/","Hours":"","Notes":"Replacement foam cusions for chairs and couches; upholstery"}]}